id,correct
sva_00000,1
sva_00001,1
sva_00002,1
sva_00003,1
sva_00004,1
sva_00005,1
sva_00006,1
sva_00007,1
sva_00008,1
sva_00009,1
sva_00010,0
sva_00011,0
sva_00012,0
sva_00013,0
sva_00014,0
sva_00015,0
sva_00016,0
sva_00017,0
sva_00018,0
sva_00019,0
sva_00020,1
sva_00021,0
sva_00022,1
sva_00023,1
sva_00024,1
sva_00025,1
sva_00026,1
sva_00027,1
sva_00028,1
sva_00029,1
sva_00030,1
sva_00031,1
sva_00032,1
sva_00033,1
sva_00034,1
sva_00035,1
sva_00036,1
sva_00037,1
sva_00038,1
sva_00039,1
sva_00040,1
sva_00041,1
sva_00042,1
sva_00043,1
sva_00044,1
sva_00045,1
sva_00046,1
sva_00047,1
sva_00048,1
sva_00049,1
sva_00050,1
sva_00051,1
sva_00052,1
sva_00053,1
sva_00054,1
sva_00055,1
sva_00056,1
sva_00057,1
sva_00058,1
sva_00059,1
sva_00060,1
sva_00061,1
sva_00062,1
sva_00063,1
sva_00064,1
sva_00065,1
sva_00066,1
sva_00067,1
sva_00068,1
sva_00069,1
sva_00070,1
sva_00071,1
sva_00072,1
sva_00073,1
sva_00074,1
sva_00075,1
sva_00076,1
sva_00077,1
sva_00078,1
sva_00079,1
sva_00080,0
sva_00081,1
sva_00082,0
sva_00083,1
sva_00084,1
sva_00085,1
sva_00086,1
sva_00087,0
sva_00088,0
sva_00089,1
sva_00090,1
sva_00091,1
sva_00092,1
sva_00093,1
sva_00094,1
sva_00095,1
sva_00096,1
sva_00097,1
sva_00098,1
sva_00099,1
sva_00100,1
sva_00101,1
sva_00102,1
sva_00103,1
sva_00104,1
sva_00105,1
sva_00106,1
sva_00107,1
sva_00108,1
sva_00109,1
sva_00110,1
sva_00111,1
sva_00112,1
sva_00113,1
sva_00114,1
sva_00115,1
sva_00116,1
sva_00117,1
sva_00118,1
sva_00119,1
sva_00120,0
sva_00121,0
sva_00122,0
sva_00123,0
sva_00124,0
sva_00125,1
sva_00126,1
sva_00127,0
sva_00128,0
sva_00129,0
sva_00130,1
sva_00131,1
sva_00132,0
sva_00133,1
sva_00134,0
sva_00135,0
sva_00136,0
sva_00137,1
sva_00138,1
sva_00139,1
sva_00140,1
sva_00141,1
sva_00142,1
sva_00143,1
sva_00144,1
sva_00145,1
sva_00146,1
sva_00147,1
sva_00148,1
sva_00149,1
sva_00150,0
sva_00151,1
sva_00152,1
sva_00153,1
sva_00154,0
sva_00155,1
sva_00156,1
sva_00157,1
sva_00158,1
sva_00159,1
sva_00160,1
sva_00161,1
sva_00162,1
sva_00163,1
sva_00164,1
sva_00165,0
sva_00166,0
sva_00167,1
sva_00168,1
sva_00169,0
sva_00170,1
sva_00171,1
sva_00172,1
sva_00173,1
sva_00174,1
sva_00175,1
sva_00176,1
sva_00177,1
sva_00178,0
sva_00179,1
sva_00180,0
sva_00181,1
sva_00182,0
sva_00183,1
sva_00184,1
sva_00185,1
sva_00186,0
sva_00187,1
sva_00188,1
sva_00189,1
sva_00190,1
sva_00191,1
sva_00192,1
sva_00193,1
sva_00194,0
sva_00195,0
sva_00196,0
sva_00197,1
sva_00198,0
sva_00199,0
sva_00200,1
sva_00201,1
sva_00202,1
sva_00203,1
sva_00204,1
sva_00205,1
sva_00206,1
sva_00207,1
sva_00208,1
sva_00209,1
sva_00210,1
sva_00211,1
sva_00212,1
sva_00213,1
sva_00214,1
sva_00215,1
sva_00216,1
sva_00217,1
sva_00218,1
sva_00219,1
sva_00220,1
sva_00221,1
sva_00222,1
sva_00223,1
sva_00224,1
sva_00225,1
sva_00226,1
sva_00227,1
sva_00228,1
sva_00229,1
sva_00230,0
sva_00231,0
sva_00232,0
sva_00233,0
sva_00234,0
sva_00235,0
sva_00236,0
sva_00237,0
sva_00238,0
sva_00239,0
sva_00240,1
sva_00241,1
sva_00242,1
sva_00243,1
sva_00244,1
sva_00245,1
sva_00246,1
sva_00247,1
sva_00248,1
sva_00249,1
sva_00250,1
sva_00251,1
sva_00252,1
sva_00253,1
sva_00254,1
sva_00255,1
sva_00256,1
sva_00257,1
sva_00258,1
sva_00259,1
sva_00260,1
sva_00261,1
sva_00262,1
sva_00263,1
sva_00264,1
sva_00265,1
sva_00266,1
sva_00267,1
sva_00268,1
sva_00269,1
sva_00270,1
sva_00271,0
sva_00272,1
sva_00273,1
sva_00274,1
sva_00275,1
sva_00276,1
sva_00277,1
sva_00278,0
sva_00279,1
sva_00280,1
sva_00281,1
sva_00282,1
sva_00283,1
sva_00284,1
sva_00285,1
sva_00286,1
sva_00287,1
sva_00288,1
sva_00289,1
sva_00290,1
sva_00291,1
sva_00292,1
sva_00293,1
sva_00294,1
sva_00295,1
sva_00296,1
sva_00297,1
sva_00298,1
sva_00299,1
sva_00300,0
sva_00301,1
sva_00302,1
sva_00303,1
sva_00304,1
sva_00305,1
sva_00306,1
sva_00307,1
sva_00308,0
sva_00309,1
sva_00310,1
sva_00311,1
sva_00312,1
sva_00313,1
sva_00314,1
sva_00315,1
sva_00316,1
sva_00317,1
sva_00318,1
sva_00319,1
sva_00320,1
sva_00321,1
sva_00322,1
sva_00323,1
sva_00324,1
sva_00325,1
sva_00326,1
sva_00327,1
sva_00328,1
sva_00329,1
sva_00330,1
sva_00331,1
sva_00332,1
sva_00333,1
sva_00334,1
sva_00335,1
sva_00336,1
sva_00337,1
sva_00338,1
sva_00339,1
sva_00340,0
sva_00341,0
sva_00342,0
sva_00343,0
sva_00344,0
sva_00345,0
sva_00346,0
sva_00347,0
sva_00348,0
sva_00349,0
sva_00350,1
sva_00351,1
sva_00352,1
sva_00353,0
sva_00354,1
sva_00355,0
sva_00356,0
sva_00357,1
sva_00358,1
sva_00359,1
sva_00360,1
sva_00361,1
sva_00362,1
sva_00363,1
sva_00364,1
sva_00365,1
sva_00366,1
sva_00367,1
sva_00368,1
sva_00369,1
sva_00370,1
sva_00371,1
sva_00372,1
sva_00373,1
sva_00374,1
sva_00375,1
sva_00376,1
sva_00377,1
sva_00378,1
sva_00379,1
sva_00380,1
sva_00381,1
sva_00382,1
sva_00383,1
sva_00384,1
sva_00385,1
sva_00386,1
sva_00387,1
sva_00388,0
sva_00389,1
sva_00390,1
sva_00391,1
sva_00392,1
sva_00393,1
sva_00394,1
sva_00395,1
sva_00396,1
sva_00397,1
sva_00398,1
sva_00399,1
sva_00400,1
sva_00401,1
sva_00402,1
sva_00403,1
sva_00404,1
sva_00405,1
sva_00406,1
sva_00407,1
sva_00408,1
sva_00409,1
sva_00410,1
sva_00411,1
sva_00412,1
sva_00413,1
sva_00414,1
sva_00415,1
sva_00416,1
sva_00417,1
sva_00418,1
sva_00419,1
sva_00420,1
sva_00421,1
sva_00422,1
sva_00423,1
sva_00424,1
sva_00425,1
sva_00426,1
sva_00427,1
sva_00428,1
sva_00429,1
sva_00430,1
sva_00431,1
sva_00432,1
sva_00433,1
sva_00434,1
sva_00435,1
sva_00436,1
sva_00437,1
sva_00438,1
sva_00439,1
sva_00440,1
sva_00441,1
sva_00442,1
sva_00443,1
sva_00444,1
sva_00445,1
sva_00446,1
sva_00447,1
sva_00448,1
sva_00449,1
sva_00450,0
sva_00451,0
sva_00452,0
sva_00453,0
sva_00454,0
sva_00455,0
sva_00456,0
sva_00457,0
sva_00458,0
sva_00459,0
sva_00460,1
sva_00461,1
sva_00462,1
sva_00463,1
sva_00464,1
sva_00465,1
sva_00466,1
sva_00467,1
sva_00468,1
sva_00469,1
sva_00470,1
sva_00471,1
sva_00472,1
sva_00473,1
sva_00474,1
sva_00475,1
sva_00476,1
sva_00477,1
sva_00478,1
sva_00479,1
sva_00480,1
sva_00481,0
sva_00482,1
sva_00483,1
sva_00484,1
sva_00485,1
sva_00486,0
sva_00487,1
sva_00488,1
sva_00489,1
sva_00490,1
sva_00491,0
sva_00492,1
sva_00493,1
sva_00494,1
sva_00495,0
sva_00496,1
sva_00497,1
sva_00498,1
sva_00499,1
sva_00500,0
sva_00501,1
sva_00502,1
sva_00503,1
sva_00504,1
sva_00505,0
sva_00506,1
sva_00507,0
sva_00508,1
sva_00509,1
sva_00510,1
sva_00511,1
sva_00512,1
sva_00513,1
sva_00514,1
sva_00515,1
sva_00516,1
sva_00517,1
sva_00518,0
sva_00519,1
sva_00520,0
sva_00521,0
sva_00522,1
sva_00523,1
sva_00524,1
sva_00525,0
sva_00526,0
sva_00527,0
sva_00528,0
sva_00529,1
sva_00530,1
sva_00531,1
sva_00532,1
sva_00533,1
sva_00534,1
sva_00535,1
sva_00536,1
sva_00537,1
sva_00538,1
sva_00539,1
sva_00540,1
sva_00541,1
sva_00542,1
sva_00543,1
sva_00544,1
sva_00545,1
sva_00546,1
sva_00547,1
sva_00548,1
sva_00549,1
sva_00550,1
sva_00551,1
sva_00552,1
sva_00553,1
sva_00554,1
sva_00555,1
sva_00556,1
sva_00557,1
sva_00558,1
sva_00559,1
sva_00560,0
sva_00561,0
sva_00562,0
sva_00563,0
sva_00564,0
sva_00565,0
sva_00566,0
sva_00567,0
sva_00568,0
sva_00569,0
sva_00570,1
sva_00571,1
sva_00572,1
sva_00573,1
sva_00574,1
sva_00575,1
sva_00576,1
sva_00577,1
sva_00578,1
sva_00579,1
sva_00580,1
sva_00581,1
sva_00582,1
sva_00583,1
sva_00584,1
sva_00585,1
sva_00586,1
sva_00587,1
sva_00588,1
sva_00589,1
sva_00590,1
sva_00591,1
sva_00592,1
sva_00593,1
sva_00594,1
sva_00595,1
sva_00596,1
sva_00597,1
sva_00598,1
sva_00599,1
sva_00600,1
sva_00601,1
sva_00602,1
sva_00603,1
sva_00604,1
sva_00605,1
sva_00606,1
sva_00607,1
sva_00608,0
sva_00609,1
sva_00610,1
sva_00611,1
sva_00612,1
sva_00613,1
sva_00614,1
sva_00615,1
sva_00616,1
sva_00617,1
sva_00618,1
sva_00619,1
sva_00620,1
sva_00621,1
sva_00622,1
sva_00623,1
sva_00624,1
sva_00625,1
sva_00626,1
sva_00627,1
sva_00628,1
sva_00629,1
sva_00630,1
sva_00631,1
sva_00632,0
sva_00633,1
sva_00634,1
sva_00635,1
sva_00636,1
sva_00637,1
sva_00638,0
sva_00639,0
sva_00640,1
sva_00641,1
sva_00642,1
sva_00643,1
sva_00644,1
sva_00645,1
sva_00646,1
sva_00647,1
sva_00648,1
sva_00649,1
sva_00650,1
sva_00651,1
sva_00652,1
sva_00653,1
sva_00654,1
sva_00655,1
sva_00656,1
sva_00657,1
sva_00658,1
sva_00659,1
sva_00660,1
sva_00661,1
sva_00662,1
sva_00663,1
sva_00664,1
sva_00665,1
sva_00666,1
sva_00667,1
sva_00668,1
sva_00669,1
sva_00670,0
sva_00671,0
sva_00672,0
sva_00673,0
sva_00674,0
sva_00675,0
sva_00676,0
sva_00677,0
sva_00678,0
sva_00679,0
sva_00680,1
sva_00681,1
sva_00682,1
sva_00683,0
sva_00684,1
sva_00685,1
sva_00686,1
sva_00687,0
sva_00688,1
sva_00689,1
sva_00690,1
sva_00691,1
sva_00692,1
sva_00693,1
sva_00694,1
sva_00695,1
sva_00696,1
sva_00697,1
sva_00698,1
sva_00699,1
sva_00700,1
sva_00701,1
sva_00702,1
sva_00703,1
sva_00704,1
sva_00705,1
sva_00706,1
sva_00707,1
sva_00708,1
sva_00709,1
sva_00710,1
sva_00711,1
sva_00712,1
sva_00713,1
sva_00714,1
sva_00715,1
sva_00716,1
sva_00717,1
sva_00718,1
sva_00719,1
sva_00720,1
sva_00721,1
sva_00722,1
sva_00723,1
sva_00724,1
sva_00725,1
sva_00726,1
sva_00727,1
sva_00728,1
sva_00729,1
sva_00730,0
sva_00731,1
sva_00732,1
sva_00733,1
sva_00734,1
sva_00735,1
sva_00736,1
sva_00737,1
sva_00738,1
sva_00739,1
sva_00740,0
sva_00741,1
sva_00742,1
sva_00743,1
sva_00744,1
sva_00745,1
sva_00746,1
sva_00747,1
sva_00748,0
sva_00749,1
sva_00750,1
sva_00751,1
sva_00752,1
sva_00753,1
sva_00754,1
sva_00755,1
sva_00756,1
sva_00757,1
sva_00758,1
sva_00759,1
sva_00760,1
sva_00761,1
sva_00762,0
sva_00763,1
sva_00764,1
sva_00765,1
sva_00766,1
sva_00767,1
sva_00768,1
sva_00769,1
sva_00770,1
sva_00771,1
sva_00772,1
sva_00773,1
sva_00774,1
sva_00775,1
sva_00776,1
sva_00777,1
sva_00778,1
sva_00779,1
sva_00780,0
sva_00781,0
sva_00782,0
sva_00783,0
sva_00784,1
sva_00785,0
sva_00786,0
sva_00787,0
sva_00788,1
sva_00789,1
sva_00790,1
sva_00791,1
sva_00792,1
sva_00793,1
sva_00794,1
sva_00795,0
sva_00796,1
sva_00797,0
sva_00798,0
sva_00799,1
sva_00800,1
sva_00801,1
sva_00802,1
sva_00803,1
sva_00804,1
sva_00805,1
sva_00806,1
sva_00807,1
sva_00808,1
sva_00809,1
sva_00810,0
sva_00811,0
sva_00812,0
sva_00813,0
sva_00814,1
sva_00815,1
sva_00816,0
sva_00817,0
sva_00818,0
sva_00819,0
sva_00820,1
sva_00821,0
sva_00822,1
sva_00823,0
sva_00824,0
sva_00825,0
sva_00826,0
sva_00827,0
sva_00828,0
sva_00829,1
sva_00830,0
sva_00831,0
sva_00832,0
sva_00833,0
sva_00834,1
sva_00835,0
sva_00836,1
sva_00837,0
sva_00838,0
sva_00839,1
sva_00840,0
sva_00841,0
sva_00842,0
sva_00843,0
sva_00844,0
sva_00845,1
sva_00846,0
sva_00847,1
sva_00848,0
sva_00849,0
sva_00850,0
sva_00851,0
sva_00852,0
sva_00853,1
sva_00854,0
sva_00855,0
sva_00856,0
sva_00857,1
sva_00858,0
sva_00859,0
sva_00860,1
sva_00861,1
sva_00862,1
sva_00863,1
sva_00864,1
sva_00865,1
sva_00866,1
sva_00867,1
sva_00868,1
sva_00869,1
sva_00870,1
sva_00871,1
sva_00872,1
sva_00873,1
sva_00874,1
sva_00875,1
sva_00876,1
sva_00877,1
sva_00878,1
sva_00879,1
sva_00880,1
sva_00881,1
sva_00882,1
sva_00883,1
sva_00884,1
sva_00885,1
sva_00886,1
sva_00887,1
sva_00888,1
sva_00889,1
sva_00890,0
sva_00891,0
sva_00892,0
sva_00893,0
sva_00894,0
sva_00895,0
sva_00896,0
sva_00897,0
sva_00898,0
sva_00899,0
sva_00900,1
sva_00901,0
sva_00902,0
sva_00903,1
sva_00904,1
sva_00905,1
sva_00906,1
sva_00907,1
sva_00908,1
sva_00909,1
sva_00910,1
sva_00911,1
sva_00912,1
sva_00913,1
sva_00914,1
sva_00915,1
sva_00916,1
sva_00917,1
sva_00918,1
sva_00919,1
sva_00920,0
sva_00921,1
sva_00922,1
sva_00923,1
sva_00924,1
sva_00925,1
sva_00926,1
sva_00927,1
sva_00928,0
sva_00929,1
sva_00930,1
sva_00931,1
sva_00932,1
sva_00933,1
sva_00934,0
sva_00935,1
sva_00936,1
sva_00937,1
sva_00938,0
sva_00939,1
sva_00940,1
sva_00941,1
sva_00942,1
sva_00943,1
sva_00944,0
sva_00945,1
sva_00946,1
sva_00947,1
sva_00948,1
sva_00949,1
sva_00950,0
sva_00951,0
sva_00952,1
sva_00953,1
sva_00954,1
sva_00955,1
sva_00956,1
sva_00957,1
sva_00958,0
sva_00959,1
sva_00960,0
sva_00961,0
sva_00962,0
sva_00963,1
sva_00964,1
sva_00965,0
sva_00966,0
sva_00967,0
sva_00968,0
sva_00969,0
sva_00970,1
sva_00971,1
sva_00972,1
sva_00973,1
sva_00974,1
sva_00975,1
sva_00976,1
sva_00977,1
sva_00978,1
sva_00979,1
sva_00980,1
sva_00981,1
sva_00982,1
sva_00983,1
sva_00984,1
sva_00985,1
sva_00986,1
sva_00987,1
sva_00988,1
sva_00989,1
sva_00990,1
sva_00991,1
sva_00992,1
sva_00993,1
sva_00994,1
sva_00995,1
sva_00996,1
sva_00997,1
sva_00998,1
sva_00999,1
sva_01000,0
sva_01001,0
sva_01002,0
sva_01003,0
sva_01004,0
sva_01005,0
sva_01006,0
sva_01007,0
sva_01008,0
sva_01009,0
sva_01010,1
sva_01011,1
sva_01012,0
sva_01013,1
sva_01014,0
sva_01015,0
sva_01016,1
sva_01017,1
sva_01018,1
sva_01019,1
sva_01020,1
sva_01021,1
sva_01022,1
sva_01023,1
sva_01024,1
sva_01025,1
sva_01026,1
sva_01027,1
sva_01028,1
sva_01029,1
sva_01030,1
sva_01031,1
sva_01032,1
sva_01033,1
sva_01034,1
sva_01035,1
sva_01036,1
sva_01037,1
sva_01038,1
sva_01039,1
sva_01040,1
sva_01041,0
sva_01042,1
sva_01043,1
sva_01044,1
sva_01045,1
sva_01046,1
sva_01047,1
sva_01048,1
sva_01049,1
sva_01050,1
sva_01051,1
sva_01052,1
sva_01053,1
sva_01054,1
sva_01055,1
sva_01056,1
sva_01057,1
sva_01058,1
sva_01059,1
sva_01060,0
sva_01061,1
sva_01062,1
sva_01063,1
sva_01064,1
sva_01065,1
sva_01066,1
sva_01067,1
sva_01068,1
sva_01069,1
sva_01070,1
sva_01071,0
sva_01072,1
sva_01073,0
sva_01074,0
sva_01075,1
sva_01076,1
sva_01077,0
sva_01078,1
sva_01079,1
sva_01080,1
sva_01081,1
sva_01082,1
sva_01083,1
sva_01084,1
sva_01085,1
sva_01086,1
sva_01087,1
sva_01088,1
sva_01089,1
sva_01090,1
sva_01091,1
sva_01092,1
sva_01093,1
sva_01094,1
sva_01095,1
sva_01096,1
sva_01097,1
sva_01098,1
sva_01099,1
sva_01100,1
sva_01101,1
sva_01102,1
sva_01103,1
sva_01104,1
sva_01105,1
sva_01106,1
sva_01107,1
sva_01108,1
sva_01109,1
sva_01110,0
sva_01111,0
sva_01112,0
sva_01113,1
sva_01114,1
sva_01115,1
sva_01116,0
sva_01117,0
sva_01118,0
sva_01119,1
sva_01120,1
sva_01121,1
sva_01122,0
sva_01123,0
sva_01124,1
sva_01125,0
sva_01126,0
sva_01127,0
sva_01128,0
sva_01129,1
sva_01130,1
sva_01131,1
sva_01132,1
sva_01133,1
sva_01134,1
sva_01135,1
sva_01136,1
sva_01137,1
sva_01138,1
sva_01139,1
sva_01140,0
sva_01141,0
sva_01142,0
sva_01143,0
sva_01144,1
sva_01145,0
sva_01146,0
sva_01147,1
sva_01148,1
sva_01149,0
sva_01150,1
sva_01151,1
sva_01152,0
sva_01153,1
sva_01154,1
sva_01155,0
sva_01156,0
sva_01157,0
sva_01158,1
sva_01159,1
sva_01160,0
sva_01161,0
sva_01162,1
sva_01163,1
sva_01164,1
sva_01165,0
sva_01166,1
sva_01167,1
sva_01168,0
sva_01169,0
sva_01170,1
sva_01171,0
sva_01172,1
sva_01173,1
sva_01174,1
sva_01175,0
sva_01176,1
sva_01177,1
sva_01178,1
sva_01179,1
sva_01180,0
sva_01181,0
sva_01182,0
sva_01183,0
sva_01184,1
sva_01185,1
sva_01186,0
sva_01187,0
sva_01188,1
sva_01189,0
sva_01190,1
sva_01191,1
sva_01192,1
sva_01193,1
sva_01194,1
sva_01195,1
sva_01196,1
sva_01197,1
sva_01198,1
sva_01199,1
sva_01200,1
sva_01201,1
sva_01202,1
sva_01203,1
sva_01204,1
sva_01205,1
sva_01206,1
sva_01207,1
sva_01208,1
sva_01209,1
sva_01210,1
sva_01211,1
sva_01212,1
sva_01213,1
sva_01214,1
sva_01215,1
sva_01216,1
sva_01217,1
sva_01218,1
sva_01219,1
sva_01220,0
sva_01221,0
sva_01222,0
sva_01223,0
sva_01224,0
sva_01225,0
sva_01226,0
sva_01227,0
sva_01228,0
sva_01229,0
sva_01230,1
sva_01231,1
sva_01232,1
sva_01233,1
sva_01234,1
sva_01235,1
sva_01236,1
sva_01237,1
sva_01238,1
sva_01239,1
sva_01240,1
sva_01241,1
sva_01242,1
sva_01243,1
sva_01244,1
sva_01245,1
sva_01246,1
sva_01247,1
sva_01248,1
sva_01249,1
sva_01250,0
sva_01251,1
sva_01252,1
sva_01253,1
sva_01254,1
sva_01255,1
sva_01256,1
sva_01257,1
sva_01258,1
sva_01259,1
sva_01260,1
sva_01261,0
sva_01262,0
sva_01263,1
sva_01264,1
sva_01265,1
sva_01266,1
sva_01267,1
sva_01268,1
sva_01269,1
sva_01270,1
sva_01271,0
sva_01272,1
sva_01273,1
sva_01274,1
sva_01275,1
sva_01276,1
sva_01277,1
sva_01278,0
sva_01279,1
sva_01280,1
sva_01281,1
sva_01282,1
sva_01283,1
sva_01284,1
sva_01285,1
sva_01286,1
sva_01287,1
sva_01288,1
sva_01289,1
sva_01290,1
sva_01291,1
sva_01292,0
sva_01293,1
sva_01294,1
sva_01295,0
sva_01296,1
sva_01297,1
sva_01298,1
sva_01299,1
sva_01300,1
sva_01301,1
sva_01302,1
sva_01303,1
sva_01304,1
sva_01305,1
sva_01306,1
sva_01307,1
sva_01308,1
sva_01309,1
sva_01310,1
sva_01311,1
sva_01312,1
sva_01313,1
sva_01314,1
sva_01315,1
sva_01316,1
sva_01317,1
sva_01318,1
sva_01319,1
sva_01320,1
sva_01321,1
sva_01322,1
sva_01323,1
sva_01324,1
sva_01325,1
sva_01326,1
sva_01327,1
sva_01328,1
sva_01329,1
sva_01330,0
sva_01331,0
sva_01332,1
sva_01333,1
sva_01334,0
sva_01335,0
sva_01336,0
sva_01337,0
sva_01338,0
sva_01339,0
sva_01340,0
sva_01341,1
sva_01342,1
sva_01343,1
sva_01344,1
sva_01345,1
sva_01346,1
sva_01347,0
sva_01348,1
sva_01349,1
sva_01350,1
sva_01351,1
sva_01352,1
sva_01353,1
sva_01354,1
sva_01355,1
sva_01356,1
sva_01357,1
sva_01358,1
sva_01359,1
sva_01360,1
sva_01361,1
sva_01362,1
sva_01363,0
sva_01364,1
sva_01365,1
sva_01366,1
sva_01367,0
sva_01368,0
sva_01369,1
sva_01370,1
sva_01371,0
sva_01372,0
sva_01373,1
sva_01374,1
sva_01375,0
sva_01376,1
sva_01377,1
sva_01378,1
sva_01379,1
sva_01380,0
sva_01381,0
sva_01382,1
sva_01383,0
sva_01384,0
sva_01385,0
sva_01386,0
sva_01387,0
sva_01388,0
sva_01389,0
sva_01390,0
sva_01391,1
sva_01392,0
sva_01393,1
sva_01394,1
sva_01395,1
sva_01396,1
sva_01397,0
sva_01398,0
sva_01399,0
sva_01400,0
sva_01401,1
sva_01402,1
sva_01403,0
sva_01404,0
sva_01405,0
sva_01406,0
sva_01407,0
sva_01408,0
sva_01409,1
sva_01410,1
sva_01411,1
sva_01412,1
sva_01413,1
sva_01414,1
sva_01415,1
sva_01416,1
sva_01417,1
sva_01418,1
sva_01419,1
sva_01420,1
sva_01421,1
sva_01422,1
sva_01423,1
sva_01424,1
sva_01425,1
sva_01426,1
sva_01427,1
sva_01428,1
sva_01429,1
sva_01430,1
sva_01431,1
sva_01432,1
sva_01433,1
sva_01434,1
sva_01435,1
sva_01436,1
sva_01437,1
sva_01438,1
sva_01439,1
sva_01440,1
sva_01441,0
sva_01442,0
sva_01443,1
sva_01444,0
sva_01445,0
sva_01446,0
sva_01447,0
sva_01448,0
sva_01449,0
sva_01450,1
sva_01451,0
sva_01452,0
sva_01453,1
sva_01454,0
sva_01455,0
sva_01456,0
sva_01457,0
sva_01458,1
sva_01459,0
sva_01460,1
sva_01461,1
sva_01462,1
sva_01463,1
sva_01464,1
sva_01465,1
sva_01466,1
sva_01467,1
sva_01468,1
sva_01469,1
sva_01470,0
sva_01471,1
sva_01472,1
sva_01473,1
sva_01474,1
sva_01475,1
sva_01476,1
sva_01477,1
sva_01478,1
sva_01479,1
sva_01480,1
sva_01481,1
sva_01482,0
sva_01483,1
sva_01484,0
sva_01485,0
sva_01486,1
sva_01487,0
sva_01488,1
sva_01489,1
sva_01490,1
sva_01491,0
sva_01492,1
sva_01493,1
sva_01494,1
sva_01495,1
sva_01496,0
sva_01497,0
sva_01498,1
sva_01499,1
sva_01500,1
sva_01501,1
sva_01502,1
sva_01503,1
sva_01504,1
sva_01505,1
sva_01506,1
sva_01507,1
sva_01508,1
sva_01509,1
sva_01510,0
sva_01511,1
sva_01512,1
sva_01513,1
sva_01514,0
sva_01515,1
sva_01516,1
sva_01517,1
sva_01518,1
sva_01519,0
sva_01520,1
sva_01521,1
sva_01522,1
sva_01523,1
sva_01524,1
sva_01525,1
sva_01526,1
sva_01527,1
sva_01528,1
sva_01529,1
sva_01530,1
sva_01531,1
sva_01532,1
sva_01533,1
sva_01534,1
sva_01535,1
sva_01536,1
sva_01537,1
sva_01538,1
sva_01539,1
sva_01540,1
sva_01541,1
sva_01542,1
sva_01543,1
sva_01544,1
sva_01545,1
sva_01546,1
sva_01547,1
sva_01548,1
sva_01549,1
sva_01550,0
sva_01551,0
sva_01552,0
sva_01553,0
sva_01554,0
sva_01555,0
sva_01556,0
sva_01557,0
sva_01558,0
sva_01559,0
sva_01560,1
sva_01561,1
sva_01562,1
sva_01563,1
sva_01564,1
sva_01565,1
sva_01566,1
sva_01567,1
sva_01568,1
sva_01569,1
sva_01570,1
sva_01571,1
sva_01572,1
sva_01573,1
sva_01574,1
sva_01575,1
sva_01576,1
sva_01577,1
sva_01578,1
sva_01579,1
sva_01580,0
sva_01581,1
sva_01582,1
sva_01583,1
sva_01584,1
sva_01585,1
sva_01586,1
sva_01587,1
sva_01588,1
sva_01589,1
sva_01590,1
sva_01591,1
sva_01592,1
sva_01593,1
sva_01594,1
sva_01595,1
sva_01596,1
sva_01597,1
sva_01598,0
sva_01599,0
sva_01600,1
sva_01601,1
sva_01602,1
sva_01603,1
sva_01604,1
sva_01605,1
sva_01606,1
sva_01607,1
sva_01608,1
sva_01609,1
sva_01610,1
sva_01611,1
sva_01612,1
sva_01613,1
sva_01614,1
sva_01615,1
sva_01616,1
sva_01617,1
sva_01618,1
sva_01619,1
sva_01620,1
sva_01621,1
sva_01622,0
sva_01623,1
sva_01624,1
sva_01625,1
sva_01626,1
sva_01627,0
sva_01628,1
sva_01629,1
sva_01630,1
sva_01631,1
sva_01632,1
sva_01633,1
sva_01634,1
sva_01635,1
sva_01636,1
sva_01637,1
sva_01638,1
sva_01639,1
sva_01640,1
sva_01641,1
sva_01642,1
sva_01643,1
sva_01644,1
sva_01645,1
sva_01646,1
sva_01647,1
sva_01648,1
sva_01649,1
sva_01650,1
sva_01651,1
sva_01652,1
sva_01653,1
sva_01654,1
sva_01655,1
sva_01656,1
sva_01657,1
sva_01658,1
sva_01659,1
sva_01660,0
sva_01661,0
sva_01662,1
sva_01663,1
sva_01664,0
sva_01665,1
sva_01666,0
sva_01667,0
sva_01668,0
sva_01669,0
sva_01670,1
sva_01671,1
sva_01672,1
sva_01673,1
sva_01674,1
sva_01675,1
sva_01676,1
sva_01677,1
sva_01678,1
sva_01679,1
sva_01680,1
sva_01681,1
sva_01682,1
sva_01683,1
sva_01684,1
sva_01685,1
sva_01686,1
sva_01687,1
sva_01688,1
sva_01689,1
sva_01690,1
sva_01691,1
sva_01692,1
sva_01693,1
sva_01694,1
sva_01695,1
sva_01696,1
sva_01697,1
sva_01698,1
sva_01699,1
sva_01700,1
sva_01701,1
sva_01702,1
sva_01703,1
sva_01704,1
sva_01705,1
sva_01706,1
sva_01707,1
sva_01708,1
sva_01709,1
sva_01710,1
sva_01711,1
sva_01712,1
sva_01713,1
sva_01714,1
sva_01715,1
sva_01716,1
sva_01717,1
sva_01718,1
sva_01719,1
sva_01720,1
sva_01721,1
sva_01722,1
sva_01723,1
sva_01724,1
sva_01725,1
sva_01726,1
sva_01727,1
sva_01728,1
sva_01729,1
sva_01730,0
sva_01731,1
sva_01732,0
sva_01733,1
sva_01734,0
sva_01735,1
sva_01736,1
sva_01737,0
sva_01738,1
sva_01739,0
sva_01740,1
sva_01741,1
sva_01742,1
sva_01743,1
sva_01744,1
sva_01745,1
sva_01746,1
sva_01747,1
sva_01748,1
sva_01749,1
sva_01750,1
sva_01751,1
sva_01752,1
sva_01753,1
sva_01754,1
sva_01755,1
sva_01756,1
sva_01757,1
sva_01758,1
sva_01759,1
sva_01760,1
sva_01761,1
sva_01762,1
sva_01763,1
sva_01764,1
sva_01765,1
sva_01766,1
sva_01767,1
sva_01768,1
sva_01769,1
sva_01770,0
sva_01771,0
sva_01772,0
sva_01773,1
sva_01774,1
sva_01775,1
sva_01776,0
sva_01777,0
sva_01778,0
sva_01779,0
sva_01780,0
sva_01781,0
sva_01782,0
sva_01783,0
sva_01784,0
sva_01785,0
sva_01786,0
sva_01787,0
sva_01788,1
sva_01789,0
sva_01790,0
sva_01791,1
sva_01792,1
sva_01793,1
sva_01794,1
sva_01795,1
sva_01796,1
sva_01797,1
sva_01798,1
sva_01799,1
sva_01800,1
sva_01801,1
sva_01802,0
sva_01803,0
sva_01804,1
sva_01805,1
sva_01806,0
sva_01807,0
sva_01808,0
sva_01809,0
sva_01810,1
sva_01811,1
sva_01812,1
sva_01813,1
sva_01814,1
sva_01815,0
sva_01816,0
sva_01817,1
sva_01818,1
sva_01819,0
sva_01820,1
sva_01821,0
sva_01822,0
sva_01823,1
sva_01824,0
sva_01825,1
sva_01826,1
sva_01827,0
sva_01828,1
sva_01829,0
sva_01830,1
sva_01831,1
sva_01832,0
sva_01833,1
sva_01834,1
sva_01835,1
sva_01836,0
sva_01837,0
sva_01838,1
sva_01839,1
sva_01840,0
sva_01841,0
sva_01842,0
sva_01843,1
sva_01844,0
sva_01845,0
sva_01846,1
sva_01847,1
sva_01848,1
sva_01849,0
sva_01850,1
sva_01851,1
sva_01852,1
sva_01853,1
sva_01854,1
sva_01855,1
sva_01856,1
sva_01857,1
sva_01858,1
sva_01859,1
sva_01860,1
sva_01861,1
sva_01862,1
sva_01863,1
sva_01864,1
sva_01865,1
sva_01866,1
sva_01867,1
sva_01868,1
sva_01869,1
sva_01870,1
sva_01871,1
sva_01872,1
sva_01873,1
sva_01874,1
sva_01875,1
sva_01876,1
sva_01877,1
sva_01878,1
sva_01879,1
sva_01880,1
sva_01881,1
sva_01882,0
sva_01883,0
sva_01884,1
sva_01885,0
sva_01886,0
sva_01887,0
sva_01888,0
sva_01889,0
sva_01890,1
sva_01891,1
sva_01892,1
sva_01893,1
sva_01894,1
sva_01895,1
sva_01896,1
sva_01897,1
sva_01898,1
sva_01899,1
sva_01900,1
sva_01901,1
sva_01902,1
sva_01903,1
sva_01904,1
sva_01905,1
sva_01906,1
sva_01907,1
sva_01908,1
sva_01909,1
sva_01910,1
sva_01911,1
sva_01912,1
sva_01913,1
sva_01914,1
sva_01915,1
sva_01916,1
sva_01917,1
sva_01918,1
sva_01919,1
sva_01920,0
sva_01921,1
sva_01922,1
sva_01923,1
sva_01924,1
sva_01925,1
sva_01926,1
sva_01927,1
sva_01928,1
sva_01929,0
sva_01930,1
sva_01931,1
sva_01932,1
sva_01933,1
sva_01934,1
sva_01935,1
sva_01936,1
sva_01937,1
sva_01938,1
sva_01939,1
sva_01940,1
sva_01941,1
sva_01942,1
sva_01943,1
sva_01944,1
sva_01945,1
sva_01946,1
sva_01947,1
sva_01948,1
sva_01949,1
sva_01950,1
sva_01951,1
sva_01952,0
sva_01953,1
sva_01954,1
sva_01955,1
sva_01956,1
sva_01957,1
sva_01958,1
sva_01959,1
sva_01960,1
sva_01961,1
sva_01962,1
sva_01963,1
sva_01964,1
sva_01965,1
sva_01966,1
sva_01967,1
sva_01968,1
sva_01969,1
sva_01970,1
sva_01971,1
sva_01972,1
sva_01973,1
sva_01974,1
sva_01975,1
sva_01976,1
sva_01977,1
sva_01978,1
sva_01979,1
sva_01980,1
sva_01981,1
sva_01982,1
sva_01983,1
sva_01984,1
sva_01985,1
sva_01986,1
sva_01987,1
sva_01988,1
sva_01989,1
sva_01990,0
sva_01991,0
sva_01992,0
sva_01993,0
sva_01994,0
sva_01995,0
sva_01996,0
sva_01997,0
sva_01998,0
sva_01999,0
sva_02000,1
sva_02001,1
sva_02002,1
sva_02003,1
sva_02004,1
sva_02005,0
sva_02006,1
sva_02007,0
sva_02008,0
sva_02009,1
sva_02010,1
sva_02011,1
sva_02012,1
sva_02013,1
sva_02014,1
sva_02015,1
sva_02016,1
sva_02017,1
sva_02018,1
sva_02019,1
sva_02020,0
sva_02021,1
sva_02022,1
sva_02023,1
sva_02024,1
sva_02025,1
sva_02026,1
sva_02027,1
sva_02028,1
sva_02029,1
sva_02030,1
sva_02031,0
sva_02032,1
sva_02033,1
sva_02034,1
sva_02035,1
sva_02036,1
sva_02037,1
sva_02038,1
sva_02039,1
sva_02040,1
sva_02041,0
sva_02042,1
sva_02043,1
sva_02044,1
sva_02045,0
sva_02046,1
sva_02047,1
sva_02048,1
sva_02049,1
sva_02050,1
sva_02051,1
sva_02052,1
sva_02053,1
sva_02054,1
sva_02055,1
sva_02056,1
sva_02057,1
sva_02058,1
sva_02059,1
sva_02060,1
sva_02061,0
sva_02062,0
sva_02063,1
sva_02064,1
sva_02065,0
sva_02066,1
sva_02067,1
sva_02068,0
sva_02069,1
sva_02070,1
sva_02071,1
sva_02072,1
sva_02073,1
sva_02074,1
sva_02075,1
sva_02076,1
sva_02077,1
sva_02078,1
sva_02079,1
sva_02080,1
sva_02081,1
sva_02082,1
sva_02083,1
sva_02084,1
sva_02085,1
sva_02086,1
sva_02087,1
sva_02088,1
sva_02089,1
sva_02090,1
sva_02091,1
sva_02092,1
sva_02093,1
sva_02094,1
sva_02095,1
sva_02096,1
sva_02097,1
sva_02098,1
sva_02099,1
sva_02100,0
sva_02101,0
sva_02102,0
sva_02103,1
sva_02104,0
sva_02105,0
sva_02106,0
sva_02107,0
sva_02108,0
sva_02109,0
sva_02110,1
sva_02111,1
sva_02112,1
sva_02113,1
sva_02114,1
sva_02115,1
sva_02116,0
sva_02117,1
sva_02118,1
sva_02119,1
sva_02120,1
sva_02121,1
sva_02122,1
sva_02123,1
sva_02124,1
sva_02125,1
sva_02126,1
sva_02127,1
sva_02128,1
sva_02129,1
sva_02130,0
sva_02131,1
sva_02132,1
sva_02133,1
sva_02134,1
sva_02135,1
sva_02136,1
sva_02137,1
sva_02138,1
sva_02139,1
sva_02140,0
sva_02141,1
sva_02142,1
sva_02143,1
sva_02144,1
sva_02145,0
sva_02146,0
sva_02147,1
sva_02148,1
sva_02149,0
sva_02150,0
sva_02151,0
sva_02152,1
sva_02153,1
sva_02154,1
sva_02155,1
sva_02156,1
sva_02157,0
sva_02158,0
sva_02159,1
sva_02160,1
sva_02161,1
sva_02162,1
sva_02163,1
sva_02164,1
sva_02165,1
sva_02166,1
sva_02167,1
sva_02168,1
sva_02169,1
sva_02170,1
sva_02171,1
sva_02172,1
sva_02173,1
sva_02174,0
sva_02175,0
sva_02176,0
sva_02177,1
sva_02178,1
sva_02179,0
sva_02180,1
sva_02181,1
sva_02182,1
sva_02183,1
sva_02184,1
sva_02185,1
sva_02186,1
sva_02187,1
sva_02188,1
sva_02189,1
sva_02190,1
sva_02191,1
sva_02192,1
sva_02193,1
sva_02194,1
sva_02195,1
sva_02196,1
sva_02197,1
sva_02198,1
sva_02199,1
sva_02200,1
sva_02201,1
sva_02202,1
sva_02203,1
sva_02204,1
sva_02205,1
sva_02206,1
sva_02207,1
sva_02208,1
sva_02209,1
sva_02210,0
sva_02211,0
sva_02212,0
sva_02213,0
sva_02214,0
sva_02215,0
sva_02216,0
sva_02217,0
sva_02218,0
sva_02219,0
sva_02220,1
sva_02221,1
sva_02222,1
sva_02223,1
sva_02224,1
sva_02225,0
sva_02226,1
sva_02227,1
sva_02228,1
sva_02229,1
sva_02230,1
sva_02231,1
sva_02232,1
sva_02233,1
sva_02234,1
sva_02235,1
sva_02236,1
sva_02237,1
sva_02238,1
sva_02239,1
sva_02240,0
sva_02241,1
sva_02242,1
sva_02243,1
sva_02244,1
sva_02245,1
sva_02246,1
sva_02247,1
sva_02248,1
sva_02249,1
sva_02250,1
sva_02251,0
sva_02252,1
sva_02253,1
sva_02254,1
sva_02255,1
sva_02256,1
sva_02257,1
sva_02258,1
sva_02259,1
sva_02260,1
sva_02261,1
sva_02262,1
sva_02263,1
sva_02264,1
sva_02265,1
sva_02266,1
sva_02267,1
sva_02268,1
sva_02269,1
sva_02270,1
sva_02271,1
sva_02272,1
sva_02273,1
sva_02274,1
sva_02275,1
sva_02276,1
sva_02277,1
sva_02278,1
sva_02279,1
sva_02280,0
sva_02281,1
sva_02282,1
sva_02283,1
sva_02284,1
sva_02285,0
sva_02286,1
sva_02287,1
sva_02288,0
sva_02289,1
sva_02290,1
sva_02291,1
sva_02292,1
sva_02293,1
sva_02294,1
sva_02295,1
sva_02296,1
sva_02297,1
sva_02298,1
sva_02299,1
sva_02300,1
sva_02301,1
sva_02302,1
sva_02303,1
sva_02304,1
sva_02305,1
sva_02306,1
sva_02307,1
sva_02308,1
sva_02309,1
sva_02310,1
sva_02311,1
sva_02312,1
sva_02313,1
sva_02314,1
sva_02315,1
sva_02316,1
sva_02317,1
sva_02318,1
sva_02319,1
sva_02320,1
sva_02321,0
sva_02322,0
sva_02323,0
sva_02324,0
sva_02325,0
sva_02326,0
sva_02327,0
sva_02328,0
sva_02329,0
sva_02330,1
sva_02331,1
sva_02332,1
sva_02333,1
sva_02334,1
sva_02335,1
sva_02336,1
sva_02337,1
sva_02338,1
sva_02339,1
sva_02340,1
sva_02341,1
sva_02342,1
sva_02343,1
sva_02344,1
sva_02345,1
sva_02346,1
sva_02347,1
sva_02348,1
sva_02349,1
sva_02350,1
sva_02351,1
sva_02352,1
sva_02353,1
sva_02354,1
sva_02355,1
sva_02356,1
sva_02357,1
sva_02358,1
sva_02359,1
sva_02360,1
sva_02361,1
sva_02362,1
sva_02363,0
sva_02364,1
sva_02365,1
sva_02366,1
sva_02367,1
sva_02368,1
sva_02369,0
sva_02370,1
sva_02371,1
sva_02372,1
sva_02373,0
sva_02374,1
sva_02375,1
sva_02376,1
sva_02377,1
sva_02378,0
sva_02379,1
sva_02380,1
sva_02381,1
sva_02382,1
sva_02383,1
sva_02384,1
sva_02385,1
sva_02386,1
sva_02387,1
sva_02388,1
sva_02389,1
sva_02390,1
sva_02391,0
sva_02392,1
sva_02393,1
sva_02394,1
sva_02395,1
sva_02396,1
sva_02397,1
sva_02398,1
sva_02399,0
sva_02400,1
sva_02401,1
sva_02402,1
sva_02403,1
sva_02404,1
sva_02405,1
sva_02406,1
sva_02407,1
sva_02408,1
sva_02409,1
sva_02410,1
sva_02411,1
sva_02412,1
sva_02413,1
sva_02414,1
sva_02415,1
sva_02416,1
sva_02417,1
sva_02418,1
sva_02419,1
sva_02420,1
sva_02421,1
sva_02422,1
sva_02423,1
sva_02424,1
sva_02425,1
sva_02426,1
sva_02427,1
sva_02428,1
sva_02429,1
sva_02430,0
sva_02431,0
sva_02432,0
sva_02433,1
sva_02434,0
sva_02435,0
sva_02436,0
sva_02437,0
sva_02438,0
sva_02439,0
sva_02440,0
sva_02441,1
sva_02442,1
sva_02443,0
sva_02444,0
sva_02445,1
sva_02446,0
sva_02447,0
sva_02448,0
sva_02449,0
sva_02450,1
sva_02451,1
sva_02452,1
sva_02453,1
sva_02454,1
sva_02455,1
sva_02456,1
sva_02457,1
sva_02458,1
sva_02459,1
sva_02460,1
sva_02461,1
sva_02462,1
sva_02463,1
sva_02464,1
sva_02465,1
sva_02466,1
sva_02467,1
sva_02468,1
sva_02469,1
sva_02470,1
sva_02471,1
sva_02472,1
sva_02473,1
sva_02474,1
sva_02475,1
sva_02476,0
sva_02477,1
sva_02478,1
sva_02479,0
sva_02480,1
sva_02481,1
sva_02482,1
sva_02483,1
sva_02484,1
sva_02485,1
sva_02486,1
sva_02487,1
sva_02488,1
sva_02489,1
sva_02490,1
sva_02491,1
sva_02492,1
sva_02493,1
sva_02494,1
sva_02495,1
sva_02496,1
sva_02497,1
sva_02498,1
sva_02499,1
sva_02500,1
sva_02501,1
sva_02502,1
sva_02503,1
sva_02504,1
sva_02505,1
sva_02506,0
sva_02507,1
sva_02508,1
sva_02509,1
sva_02510,1
sva_02511,1
sva_02512,1
sva_02513,1
sva_02514,1
sva_02515,1
sva_02516,1
sva_02517,1
sva_02518,1
sva_02519,1
sva_02520,1
sva_02521,1
sva_02522,0
sva_02523,1
sva_02524,1
sva_02525,1
sva_02526,1
sva_02527,1
sva_02528,1
sva_02529,1
sva_02530,1
sva_02531,1
sva_02532,1
sva_02533,1
sva_02534,1
sva_02535,1
sva_02536,1
sva_02537,1
sva_02538,1
sva_02539,1
sva_02540,0
sva_02541,0
sva_02542,0
sva_02543,0
sva_02544,0
sva_02545,0
sva_02546,0
sva_02547,0
sva_02548,0
sva_02549,0
sva_02550,1
sva_02551,1
sva_02552,1
sva_02553,1
sva_02554,1
sva_02555,1
sva_02556,1
sva_02557,1
sva_02558,1
sva_02559,0
sva_02560,1
sva_02561,1
sva_02562,1
sva_02563,1
sva_02564,1
sva_02565,1
sva_02566,1
sva_02567,1
sva_02568,1
sva_02569,1
sva_02570,1
sva_02571,1
sva_02572,1
sva_02573,1
sva_02574,1
sva_02575,1
sva_02576,1
sva_02577,1
sva_02578,1
sva_02579,1
sva_02580,1
sva_02581,0
sva_02582,1
sva_02583,0
sva_02584,1
sva_02585,1
sva_02586,1
sva_02587,1
sva_02588,1
sva_02589,0
sva_02590,1
sva_02591,1
sva_02592,1
sva_02593,1
sva_02594,1
sva_02595,1
sva_02596,1
sva_02597,1
sva_02598,0
sva_02599,1
sva_02600,1
sva_02601,1
sva_02602,1
sva_02603,1
sva_02604,1
sva_02605,1
sva_02606,1
sva_02607,1
sva_02608,1
sva_02609,1
sva_02610,1
sva_02611,0
sva_02612,0
sva_02613,0
sva_02614,1
sva_02615,1
sva_02616,0
sva_02617,1
sva_02618,1
sva_02619,0
sva_02620,1
sva_02621,1
sva_02622,1
sva_02623,1
sva_02624,1
sva_02625,1
sva_02626,1
sva_02627,1
sva_02628,1
sva_02629,1
sva_02630,1
sva_02631,1
sva_02632,1
sva_02633,1
sva_02634,1
sva_02635,1
sva_02636,1
sva_02637,1
sva_02638,1
sva_02639,1
sva_02640,1
sva_02641,1
sva_02642,1
sva_02643,1
sva_02644,1
sva_02645,1
sva_02646,1
sva_02647,1
sva_02648,1
sva_02649,1
sva_02650,0
sva_02651,0
sva_02652,0
sva_02653,1
sva_02654,0
sva_02655,0
sva_02656,0
sva_02657,0
sva_02658,0
sva_02659,0
sva_02660,1
sva_02661,1
sva_02662,1
sva_02663,0
sva_02664,1
sva_02665,1
sva_02666,1
sva_02667,0
sva_02668,0
sva_02669,1
sva_02670,1
sva_02671,1
sva_02672,1
sva_02673,1
sva_02674,1
sva_02675,1
sva_02676,1
sva_02677,1
sva_02678,1
sva_02679,1
sva_02680,1
sva_02681,1
sva_02682,1
sva_02683,1
sva_02684,1
sva_02685,1
sva_02686,1
sva_02687,1
sva_02688,1
sva_02689,1
sva_02690,0
sva_02691,1
sva_02692,1
sva_02693,1
sva_02694,0
sva_02695,1
sva_02696,1
sva_02697,1
sva_02698,1
sva_02699,0
sva_02700,1
sva_02701,1
sva_02702,0
sva_02703,0
sva_02704,1
sva_02705,1
sva_02706,1
sva_02707,1
sva_02708,0
sva_02709,1
sva_02710,1
sva_02711,1
sva_02712,1
sva_02713,1
sva_02714,1
sva_02715,1
sva_02716,1
sva_02717,1
sva_02718,1
sva_02719,1
sva_02720,0
sva_02721,0
sva_02722,0
sva_02723,1
sva_02724,1
sva_02725,1
sva_02726,1
sva_02727,1
sva_02728,1
sva_02729,1
sva_02730,1
sva_02731,1
sva_02732,1
sva_02733,1
sva_02734,1
sva_02735,1
sva_02736,1
sva_02737,1
sva_02738,1
sva_02739,1
sva_02740,1
sva_02741,1
sva_02742,1
sva_02743,1
sva_02744,1
sva_02745,1
sva_02746,1
sva_02747,1
sva_02748,1
sva_02749,1
sva_02750,1
sva_02751,1
sva_02752,1
sva_02753,1
sva_02754,1
sva_02755,1
sva_02756,1
sva_02757,1
sva_02758,1
sva_02759,1
sva_02760,0
sva_02761,0
sva_02762,0
sva_02763,0
sva_02764,1
sva_02765,0
sva_02766,0
sva_02767,0
sva_02768,1
sva_02769,1
sva_02770,0
sva_02771,0
sva_02772,0
sva_02773,0
sva_02774,0
sva_02775,1
sva_02776,1
sva_02777,0
sva_02778,0
sva_02779,0
sva_02780,1
sva_02781,1
sva_02782,1
sva_02783,1
sva_02784,1
sva_02785,1
sva_02786,1
sva_02787,1
sva_02788,1
sva_02789,1
sva_02790,1
sva_02791,1
sva_02792,1
sva_02793,1
sva_02794,0
sva_02795,1
sva_02796,0
sva_02797,1
sva_02798,1
sva_02799,1
sva_02800,0
sva_02801,1
sva_02802,1
sva_02803,1
sva_02804,1
sva_02805,1
sva_02806,1
sva_02807,1
sva_02808,1
sva_02809,1
sva_02810,1
sva_02811,1
sva_02812,1
sva_02813,1
sva_02814,1
sva_02815,1
sva_02816,1
sva_02817,1
sva_02818,1
sva_02819,1
sva_02820,1
sva_02821,1
sva_02822,1
sva_02823,1
sva_02824,1
sva_02825,1
sva_02826,1
sva_02827,1
sva_02828,1
sva_02829,1
sva_02830,0
sva_02831,1
sva_02832,1
sva_02833,1
sva_02834,1
sva_02835,1
sva_02836,1
sva_02837,0
sva_02838,1
sva_02839,1
sva_02840,1
sva_02841,1
sva_02842,1
sva_02843,1
sva_02844,1
sva_02845,1
sva_02846,1
sva_02847,1
sva_02848,1
sva_02849,1
sva_02850,1
sva_02851,1
sva_02852,1
sva_02853,1
sva_02854,1
sva_02855,1
sva_02856,1
sva_02857,1
sva_02858,1
sva_02859,1
sva_02860,1
sva_02861,1
sva_02862,1
sva_02863,1
sva_02864,1
sva_02865,1
sva_02866,1
sva_02867,1
sva_02868,1
sva_02869,1
sva_02870,0
sva_02871,0
sva_02872,1
sva_02873,0
sva_02874,0
sva_02875,0
sva_02876,0
sva_02877,0
sva_02878,0
sva_02879,1
sva_02880,1
sva_02881,1
sva_02882,0
sva_02883,1
sva_02884,1
sva_02885,1
sva_02886,1
sva_02887,1
sva_02888,1
sva_02889,1
sva_02890,1
sva_02891,1
sva_02892,1
sva_02893,1
sva_02894,1
sva_02895,1
sva_02896,1
sva_02897,1
sva_02898,1
sva_02899,1
sva_02900,1
sva_02901,1
sva_02902,1
sva_02903,1
sva_02904,1
sva_02905,1
sva_02906,1
sva_02907,1
sva_02908,0
sva_02909,1
sva_02910,1
sva_02911,0
sva_02912,1
sva_02913,0
sva_02914,1
sva_02915,1
sva_02916,1
sva_02917,1
sva_02918,1
sva_02919,0
sva_02920,1
sva_02921,1
sva_02922,1
sva_02923,1
sva_02924,1
sva_02925,1
sva_02926,1
sva_02927,1
sva_02928,0
sva_02929,1
sva_02930,1
sva_02931,1
sva_02932,1
sva_02933,1
sva_02934,1
sva_02935,1
sva_02936,1
sva_02937,1
sva_02938,0
sva_02939,1
sva_02940,1
sva_02941,0
sva_02942,0
sva_02943,0
sva_02944,1
sva_02945,1
sva_02946,1
sva_02947,1
sva_02948,1
sva_02949,0
sva_02950,1
sva_02951,1
sva_02952,1
sva_02953,1
sva_02954,1
sva_02955,1
sva_02956,1
sva_02957,1
sva_02958,1
sva_02959,1
sva_02960,1
sva_02961,1
sva_02962,1
sva_02963,1
sva_02964,1
sva_02965,1
sva_02966,1
sva_02967,1
sva_02968,1
sva_02969,1
sva_02970,1
sva_02971,1
sva_02972,1
sva_02973,1
sva_02974,1
sva_02975,1
sva_02976,1
sva_02977,1
sva_02978,1
sva_02979,1
sva_02980,0
sva_02981,0
sva_02982,0
sva_02983,1
sva_02984,1
sva_02985,0
sva_02986,0
sva_02987,0
sva_02988,0
sva_02989,0
sva_02990,1
sva_02991,1
sva_02992,1
sva_02993,0
sva_02994,1
sva_02995,1
sva_02996,1
sva_02997,1
sva_02998,0
sva_02999,1
sva_03000,1
sva_03001,1
sva_03002,1
sva_03003,1
sva_03004,1
sva_03005,0
sva_03006,1
sva_03007,0
sva_03008,1
sva_03009,1
sva_03010,1
sva_03011,1
sva_03012,1
sva_03013,1
sva_03014,1
sva_03015,1
sva_03016,1
sva_03017,1
sva_03018,1
sva_03019,1
sva_03020,1
sva_03021,1
sva_03022,0
sva_03023,1
sva_03024,1
sva_03025,1
sva_03026,1
sva_03027,1
sva_03028,1
sva_03029,1
sva_03030,1
sva_03031,1
sva_03032,1
sva_03033,1
sva_03034,1
sva_03035,1
sva_03036,1
sva_03037,1
sva_03038,1
sva_03039,1
sva_03040,1
sva_03041,1
sva_03042,1
sva_03043,1
sva_03044,1
sva_03045,1
sva_03046,1
sva_03047,1
sva_03048,1
sva_03049,1
sva_03050,0
sva_03051,1
sva_03052,1
sva_03053,1
sva_03054,1
sva_03055,1
sva_03056,1
sva_03057,1
sva_03058,1
sva_03059,0
sva_03060,1
sva_03061,1
sva_03062,1
sva_03063,1
sva_03064,1
sva_03065,1
sva_03066,1
sva_03067,1
sva_03068,1
sva_03069,1
sva_03070,1
sva_03071,1
sva_03072,1
sva_03073,1
sva_03074,1
sva_03075,1
sva_03076,1
sva_03077,1
sva_03078,1
sva_03079,1
sva_03080,1
sva_03081,1
sva_03082,1
sva_03083,1
sva_03084,1
sva_03085,1
sva_03086,1
sva_03087,1
sva_03088,1
sva_03089,1
sva_03090,0
sva_03091,0
sva_03092,1
sva_03093,0
sva_03094,0
sva_03095,0
sva_03096,1
sva_03097,0
sva_03098,0
sva_03099,0
sva_03100,1
sva_03101,1
sva_03102,0
sva_03103,1
sva_03104,1
sva_03105,1
sva_03106,0
sva_03107,1
sva_03108,1
sva_03109,1
sva_03110,1
sva_03111,1
sva_03112,1
sva_03113,1
sva_03114,1
sva_03115,1
sva_03116,1
sva_03117,1
sva_03118,1
sva_03119,1
sva_03120,1
sva_03121,1
sva_03122,0
sva_03123,1
sva_03124,1
sva_03125,1
sva_03126,1
sva_03127,1
sva_03128,1
sva_03129,1
sva_03130,1
sva_03131,1
sva_03132,0
sva_03133,1
sva_03134,1
sva_03135,0
sva_03136,0
sva_03137,1
sva_03138,1
sva_03139,0
sva_03140,1
sva_03141,1
sva_03142,1
sva_03143,1
sva_03144,0
sva_03145,1
sva_03146,1
sva_03147,1
sva_03148,0
sva_03149,0
sva_03150,1
sva_03151,1
sva_03152,1
sva_03153,1
sva_03154,1
sva_03155,1
sva_03156,1
sva_03157,1
sva_03158,1
sva_03159,1
sva_03160,1
sva_03161,1
sva_03162,1
sva_03163,1
sva_03164,0
sva_03165,0
sva_03166,0
sva_03167,0
sva_03168,0
sva_03169,0
sva_03170,1
sva_03171,1
sva_03172,1
sva_03173,1
sva_03174,1
sva_03175,1
sva_03176,1
sva_03177,1
sva_03178,1
sva_03179,1
sva_03180,1
sva_03181,1
sva_03182,1
sva_03183,1
sva_03184,1
sva_03185,1
sva_03186,1
sva_03187,1
sva_03188,1
sva_03189,1
sva_03190,1
sva_03191,1
sva_03192,1
sva_03193,1
sva_03194,1
sva_03195,1
sva_03196,1
sva_03197,1
sva_03198,1
sva_03199,1
sva_03200,1
sva_03201,0
sva_03202,0
sva_03203,0
sva_03204,0
sva_03205,0
sva_03206,0
sva_03207,0
sva_03208,0
sva_03209,0
sva_03210,1
sva_03211,1
sva_03212,1
sva_03213,1
sva_03214,1
sva_03215,1
sva_03216,1
sva_03217,1
sva_03218,1
sva_03219,1
sva_03220,1
sva_03221,1
sva_03222,1
sva_03223,1
sva_03224,1
sva_03225,1
sva_03226,1
sva_03227,1
sva_03228,1
sva_03229,1
sva_03230,1
sva_03231,1
sva_03232,1
sva_03233,1
sva_03234,1
sva_03235,1
sva_03236,1
sva_03237,1
sva_03238,1
sva_03239,1
sva_03240,1
sva_03241,1
sva_03242,1
sva_03243,1
sva_03244,1
sva_03245,1
sva_03246,1
sva_03247,1
sva_03248,1
sva_03249,1
sva_03250,1
sva_03251,1
sva_03252,1
sva_03253,1
sva_03254,1
sva_03255,1
sva_03256,1
sva_03257,1
sva_03258,1
sva_03259,1
sva_03260,1
sva_03261,1
sva_03262,1
sva_03263,1
sva_03264,1
sva_03265,1
sva_03266,1
sva_03267,1
sva_03268,1
sva_03269,1
sva_03270,0
sva_03271,1
sva_03272,0
sva_03273,1
sva_03274,1
sva_03275,1
sva_03276,1
sva_03277,1
sva_03278,0
sva_03279,0
sva_03280,1
sva_03281,1
sva_03282,1
sva_03283,1
sva_03284,1
sva_03285,1
sva_03286,1
sva_03287,1
sva_03288,1
sva_03289,1
sva_03290,1
sva_03291,1
sva_03292,1
sva_03293,1
sva_03294,1
sva_03295,1
sva_03296,1
sva_03297,1
sva_03298,1
sva_03299,1
